url,titol,descripcio,preu_eur,ubicacio,superficie_construida_m2,superficie_util_m2,habitacions,banys,planta,antiguitat_anys,referencia,moblat,armaris_empotrats,calefaccio,cuina_equipada,ascensor,terrassa,data_extraccio
https://www.pisos.com/alquilar/apartamento-la_sagrada_familia08025-55875225526_101800/,Apartamento en alquiler en La Sagrada Família en La Sagrada Família por 1.850 €/mes,"Contratos temporales a partir de 6 meses. Se trata de un piso muy espacioso, con dos habitaciones dobles, una que esta orientada hacia la parte interior de la finca con cama doble y armarios, y la siguiente muy amplia que da al exterior muy luminosa, y con ventanas doble cristal, lo que hace que ...",1850,la sagrada familia 6 0/,70 m²,No indicada,2,1,7ª,Más de 50 años,I-030TB1-W-030TB1,,1,Central,Cocina equipada,,,2026-05-25
https://www.pisos.com/alquilar/piso-la_dreta_de_eixample08007-60044183136_101800/,Piso en alquiler en La Dreta de L'Eixample en La Dreta de l'Eixample por 3.000 €/mes,"Solo alquileres vacacionales o de ocio propietario de grandes propiedades precio del último contrato: 3.000 € ¡bienvenidos a este espectacular piso en alquiler! te presentamos un inmueble esquinero totalmente soleado, recién reformado y con una ubicación inmejorable en pleno centro de barcelona....",3000,la dreta de eixample 6 0/,94 m²,No indicada,2,2,3ª,,I-047TPQ-W-047TPQ,,1,Central,Cocina equipada,,,2026-05-25
https://www.pisos.com/alquilar/piso-antiga_esquerra_de_eixample08008-52500424436_101800/,Piso en alquiler en L'Antiga Esquerra de L'Eixample en L'Antiga Esquerra de l'Eixample por 3.200 €/mes,"Disponible 22 de septiembre 2026 uso: exclusivamente recreativo. Nota legal: el inmueble se arrienda exclusivamente para uso vacacional o recreativo, por lo que el contrato es a precio libre. Condición del propietario: gran tenedor: no. Nota: no aplica índice de precios ni condiciones del contrat...",3200,antiga esquerra de eixample 6 0/,100 m²,No indicada,4,2,3ª,Más de 50 años,I-02Z94T-W-02Z94T,,,Central,,,,2026-05-25
https://www.pisos.com/alquilar/piso-sant_gervasi_galvany08006-54260804640_100500/,"Piso en alquiler en Carrer de Balmes, 357, cerca de Carrer d' Atenes en Sant Gervasi-Galvany por 2.600 €/mes","**piso de alto standing en alquiler en la zona alta de barcelona** disponible 1 de julio descubre este espectacular piso de alto standing, ubicado en una finca regia que combina elegancia y modernidad. Con 110 m² de superficie, este amplio y luminoso apartamento ha sido recientemente reformado,...",2600,sant gervasi galvany 0 0/,110 m²,108 m²,2,1,4ª,Más de 50 años,balmes 366 4º1º,,1,Central,,,,2026-05-25
https://www.pisos.com/alquilar/piso-les_tres_torres08017-63382297214_100500/,Piso en alquiler en Carrer del Hort de la Vila en Les Tres Torres por 4.600 €/mes,"Piso en sarriá de alto standing de 200m2, exterior a tres vientos con mucha luz natural, recién reformado con muebles a estrenar ideal para altos directivos que busquen tranquilidad y buena ubicación. Con un gran recibidor de entrada, un amplio salón-comedor con salida a una agradable terraza con...",4600,les tres torres 4 0/,200 m²,195 m²,5,3,2ª,Más de 50 años,hortdelavila22,,1,,,,,2026-05-25
https://www.pisos.com/alquilar/piso-el_raval08001-80055829933_515865/,"Piso en alquiler en Carrer de les Carretes, cerca de Carrer de l' Aurora en El Raval por 1.150 €/mes","Ref rs0001 disponible junio piso de alquiler temporal demostrable en ciutat vella. Contrato temporal por uso de ocio, vacacional o recreativo - se alquila maravilloso piso a estrenar de alto standing , de 65m² útiles, muy soleado, en finca totalmente reformada en el año 2017. Tiene do...",1150,el raval 3 5/,65 m²,60 m²,2,2,3ª,Más de 50 años,RS0001,,2,Central,Tipo  americana,,,2026-05-25
https://www.pisos.com/alquilar/atico-sant_gervasi_galvany08006-54210506325_100500/,"Ático en alquiler en Carrer de Balmes, 357, cerca de Carrer d' Atenes en Sant Gervasi-Galvany por 3.100 €/mes","Alquiler temporada (uso exclusivo vacaciones/ocio) **ático en alquiler en la calle balmes, barcelona** ¡descubre este espectacular ático en alquiler en una de las mejores zonas de barcelona! con 110 m² de espacio, este apartamento ha sido recientemente reformado y cuenta con un diseño nórdico fu...",3100,sant gervasi galvany 5 0/,110 m²,108 m²,2,1,5ª,Más de 50 años,balmes atico,,1,Central,,,,2026-05-25
https://www.pisos.com/alquilar/piso-el_barri_gotic08002-62531865769_101800/,Piso en alquiler en Carrer de la Palla en El Barri Gòtic por 1.790 €/mes,"Te gustará saber: · piso en alquiler en el gòtic, barcelona, con 3 habitaciones y balcón, sin amueblar. · situado en la 3ª planta de un edificio con ascensor. Tiene orientación este. · salón comedor con vistas a la calle y acceso a balcones. · cocina americana totalmente equipada con placa de vit...",1790,el barri gotic 9 0/,119 m²,No indicada,3,2,3ª,Más de 50 años,JA0020-6154,,1,Central,Cocina equipada,,,2026-05-25
https://www.pisos.com/alquilar/duplex-sarria_sant_gervasi_sarria-62541741020_100500/,"Dúplex en alquiler en Carretera de Sarrià a Vallvidrera, cerca de Camí del Carlet en Sarrià por 2.000 €/mes","Se alquila este bonito duplex con dos grandes terrazas, como una casa, en plena naturaleza. Con vistas al parque de collserola. Se accede desde la carratera de vallvidrera, un camino de unos pocos metros y se llega a un gran espacio frente al piso y desde el que se accede directamente. En ese...",2000,sarria sant gervasi sarria 0 0/,183 m²,140 m²,4,2,Bajo,Más de 50 años,SPA1240/8414,,,,,,,2026-05-25
https://www.pisos.com/alquilar/duplex-el_barri_gotic08002-62524155574_101800/,Dúplex en alquiler en Calle N-A en El Barri Gòtic por 8.250 €/mes,"Vivienda disponible para alquiler temporal justificando su motivo. Exclusiva vivienda en el emblemático palau moxó, uno de los edificios del año 1770 más representativos de barcelona. Rehabilitado íntegramente en 2022, logrando preservar su valioso legado histórico y ofreciendo a su vez un compl...",8250,el barri gotic 4 0/,156 m²,No indicada,2,2,,Menos de 5 años,BCNR3576,,1,Central,Cocina equipada,,,2026-05-25
https://www.pisos.com/alquilar/atico-sant_marti_el_poblenou-64177880979_108900/,Ático en alquiler en El Poblenou en El Poblenou por 7.500 €/mes,"Grandiora presenta esta exclusiva propiedad: un ático dúplex de 200 m² en primera línea de mar, situado en el prestigioso complejo illa del mar, una de las direcciones más cotizadas de barcelona. La vivienda, completamente exterior, disfruta de abundante luz natural y ofrece impresionantes vistas...",7500,sant marti el poblenou 9 0/,200 m²,170 m²,4,3,Bajo,,1171,,,,,,1t+1b,2026-05-25
https://www.pisos.com/alquilar/piso-sarria_sant_gervasi_sarria08034-63432031785_106400/,Piso en alquiler en Calle de Josep Vicenc Foix No Number en Sarrià por 11.600 €/mes,"ático de lujo recientemente renovado con terraza de 170 m², piscina privada y vistas panorámicas al mar y la ciudad - amueblado o sin amueblar, a 10 min de turó park y escuelas internacionales disponible amueblado o sin amueblar. Ático recientemente renovado, ubicado en una zona residencial exclu...",11600,sarria sant gervasi sarria 5 0/,178 m²,178 m²,3,2,6ª,,105588214-105588214,,,,,,,2026-05-25
https://www.pisos.com/alquilar/atico-el_poble_sec08004-64216251904_103800/,Ático en alquiler en Carrer de Magalhäes en El Poble-sec por 1.975 €/mes,"2 hab dobles y 2 baños + terraza privada piso vacacional alquiler vacacional de más de 32 días, únicamente por motivos de ocio, vacacional, recreativo o cultural o temporal. Imprescindible presentar un documento acreditativo del motivo para poder alquilar. Ubicado en el barrio de poble sec, en...",1975,el poble sec 4 0/,59 m²,54 m²,2,2,3ª,Más de 50 años,AG1263,,2,Eléctrica,,,,2026-05-25
https://www.pisos.com/alquilar/piso-la_font_en_fargues-64201285011_106400/,Piso en alquiler en Carrer Alt de Pedrell en La Font d'en Fargues por 3.900 €/mes,"Alt de pedrell, 84 en barcelona. Posibilidad de alquiler con opción de compra ( solicitar condiciones) inmueble loft/local de 200m2 + 120m2 de terraza con vistas a la ciudad de barcelona. En el anuncio se muestran renders para visualizar como puede quedar. Se muestra plano y dibujo con la forma ...",3900,la font en fargues 1 0/,320 m²,320 m²,2,2,Bajo,Entre 30 y 50 años,111017462-ALQUILER ALT PEDRELL,,,,,,,2026-05-25
https://www.pisos.com/alquilar/loft-sant_pere_santa_caterina_la_ribera08003-62592048501_100500/,Loft en alquiler en Passatge de Sert en Sant Pere-Santa Caterina-La Ribera por 7.500 €/mes,"dcano real estate agency presenta este singular ático / loft de inspiración neoyorquina, disponible en alquiler temporal o de larga estancia, completamente amueblado y listo para entrar a vivir. Pensado para los amantes de los espacios abiertos, los techos altos y las propiedades con carácte...",7500,sant pere santa caterina la ribera 1 0/,300 m²,270 m²,2,2,4ª,,DC272/9085,,1,,,,,2026-05-25
https://www.pisos.com/alquilar/piso-sant_gervasi_galvany-63422408901_106400/,"Piso en alquiler en Carrer de Marià Cubí, cerca de Carrer de Santaló en Sant Gervasi-Galvany por 2.000 €/mes","Alquiler de temporada — estancia mínima de 32 días y máxima de 11 meses disponibilidad del 22/06/2026 al 30/09/2026. Destinado a fines de ocio, vacaciones, uso recreativo o cultural. ¡bienvenido a este apartamento con una gran terraza privada en sant gervasi! situado en un edificio moderno con as...",2000,sant gervasi galvany 1 0/,85 m²,85 m²,2,1,2ª,Entre 10 y 20 años,108283645-Jul28 - MC..2.1-LD..,,,,,,,2026-05-25
https://www.pisos.com/alquilar/piso-sant_andreu_la_sagrera08027-38406391636_501025/,Piso en alquiler en Carrer del Camp del Ferro en La Sagrera por 1.634 €/mes,Vivienda en alquiler en la sagrera. Informacion importante: para visitar esta vivienda envie su documentacion a traves de nuestra web: fincas-sanandres-documentacion clicando en el menu en la pestaña de envio de documentacion. Piso de 125 metros construidos 108 metros utiles con 3 habitacio...,1634,sant andreu la sagrera 6 5/,108 m²,83 m²,3,2,7ª,,1280,,,Gas natural,Independiente,,,2026-05-25
https://www.pisos.com/alquilar/piso-barcelona_capital-64210220105_106400/,"Piso en alquiler en Rambla de Catalunya, cerca de Gran Via de les Corts Catalanes en Barcelona Capital por 4.000 €/mes","Disponibilidad y precios **alquiler temporal exclusivamente para estancias superiores a 32 días** con fines de ocio, vacaciones, recreativos o culturales: - **julio 2026: ** 4.000 € - **agosto 2026: ** 4.500 € ¡descubre tu refugio perfecto en el corazón de barcelona! te presentamos un espectacul...",4000,5 0/,150 m²,150 m²,4,2,3ª,,111504906-ramblacatajulioyagosto,,,,,,,2026-05-25
https://www.pisos.com/alquilar/piso-sant_gervasi_galvany-63356589089_106400/,"Piso en alquiler en Carrer de Marià Cubí, cerca de Carrer de l' Avenir en Sant Gervasi-Galvany por 2.000 €/mes","Disponible desde enero 2026 este apartamento sólo está disponible para estancias temporales y no es adecuado para uso turístico o residencial permanente. Al hacer la reserva, los huéspedes deben proporcionar un motivo de viaje válido aceptado por la legislación local para confirmar la reserva. ¡b...",2000,sant gervasi galvany 9 0/,65 m²,65 m²,2,1,,Menos de 5 años,106771230-Abr6-MC.B.B-LD,,,,,,,2026-05-25
https://www.pisos.com/alquilar/piso-el_barri_gotic08002-61695993503_100500/,Piso en alquiler en Carrer de La Boqueria en El Barri Gòtic por 2.085 €/mes,"Espectacular piso de temporada reformado en el corazón del barrio gótico – listo para entrar a vivir vive en una de las zonas más emblemáticas y vibrantes de barcelona. Este precioso apartamento recién reformado se encuentra en pleno barrio gótico, estratégicamente ubicado entre las estacione...",2085,el barri gotic 3 0/,100 m²,No indicada,2,1,2ª,Más de 50 años,BR015,,1,,Cocina amueblada,,,2026-05-25
https://www.pisos.com/alquilar/piso-sant_pere_santa_caterina_la_ribera08003-63357881493_103800/,Piso en alquiler en El Born en Sant Pere-Santa Caterina-La Ribera por 1.800 €/mes,"Piso vacacional 2 hab y 2 baños + terraza comunitaria alquiler vacacional de más de 32 días, únicamente por motivos de ocio, vacacional, recreativo o cultural o temporal imprescindible presentar un documento acreditativo del motivo para poder alquilar. En una finca clásica completamente rehab...",1800,sant pere santa caterina la ribera 3 0/,62 m²,No indicada,2,2,4ª,,50-AG,,1,Eléctrica,,,,2026-05-25
https://www.pisos.com/alquilar/duplex-sarria_sant_gervasi_sarria-64258300566_100500/,Dúplex en alquiler en Passatge de Jorba en Sarrià por 5.000 €/mes,"Espectacular vivienda tipo dúplex de 190 m2 con terraza, jardín y piscina privada, ubicada en el prestigioso barrio de sarrià-sant gervasi, cerca de hospitales de referencia, colegios y universidades internacionales. La propiedad ofrece una distribución excelente. En la planta superior se encu...",5000,sarria sant gervasi sarria 6 0/,190 m²,180 m²,3,3,Bajo,,C047/12242,,1,,,,,2026-05-25
https://www.pisos.com/alquilar/piso-sant_pere_santa_caterina_la_ribera08003-64172595905_103800/,Piso en alquiler en El Born en Sant Pere-Santa Caterina-La Ribera por 2.000 €/mes,"Alquiler vacacional alquiler vacacional de más de 32 días, únicamente por motivos de ocio, vacacional, recreativo o cultural o temporal imprescindible presentar un documento acreditativo del motivo para poder alquilar. En una finca clásica completamente rehabilitada, se presenta esta viviend...",2000,sant pere santa caterina la ribera 5 0/,61 m²,No indicada,2,2,2ª,,AG1273,,,Eléctrica,,,,2026-05-25
https://www.pisos.com/alquilar/piso-sant_pere_santa_caterina_la_ribera08003-63430059133_103800/,Piso en alquiler en El Born en Sant Pere-Santa Caterina-La Ribera por 2.500 €/mes,"Piso en el born, con 91 m² construidos, 2 dormitorios, 2 baños, buen estado, exterior, planta 4, 1 terraza(s), cocina equipada, ascensor, amueblado, orientación sur, calefacción individual, energía calefacción eléctrica, agua caliente individual, suelo de parquet, balcón. Piso vacacional 2 hab d...",2500,sant pere santa caterina la ribera 3 0/,91 m²,No indicada,2,2,4ª,,AG1272,,,Eléctrica,,,,2026-05-25
https://www.pisos.com/alquilar/piso-ciutat_vella_la_barceloneta-63386754306_103800/,Piso en alquiler en Ciutat Vellala Barceloneta en La Barceloneta por 1.350 €/mes,"Alquiler vacacional alquiler vacacional de más de 32 días, únicamente por motivos de ocio, vacacional, recreativo o cultural o temporal imprescindible presentar un documento acreditativo del motivo para poder alquilar. La barceloneta es uno de los barrios más carismáticos y dinámicos de barce...",1350,ciutat vella la barceloneta 6 0/,34 m²,No indicada,1,1,4ª,,AG1219,,,,,,,2026-05-25
https://www.pisos.com/alquilar/piso-barcelona_capital-64191197954_106400/,Piso en alquiler en Carrer de Lorda en Barcelona Capital por 1.210 €/mes,"Estudio en alquiler en barcelona - ideal para autónomos, empresarios,.. . descubre este encantador estudio/local en alquiler, perfecto para quienes buscan un espacio que combine trabajo y vivienda. Con una superficie de 37 m² construidos y 36 m² útiles, este estudio/local cuenta con un salón/coc...",1210,4 0/,37 m²,37 m²,,1,,Más de 50 años,98319529-LORDA 2,,,,,,,2026-05-25
https://www.pisos.com/alquilar/piso-sant_gervasi_galvany08006-62586491131_106700/,Piso en alquiler en Sant Gervasi- Galvany en Sant Gervasi-Galvany por 3.700 €/mes,"Nuestras tarifas inician desde 2000€, variando según la temporada y la residencia seleccionada. Para brindarte la mejor atención, por favor contáctanos y consulta disponibilidad y precio exacto para tus fechas. Piso muy bonito, en una zona muy buena, cerca de la calle diagonal, a 10 minutos a pi...",3700,sant gervasi galvany 1 0/,95 m²,95 m²,2,1,,,loft david,,,,,,,2026-05-25
https://www.pisos.com/alquilar/piso-ciutat_vella_la_barceloneta08003-64237187750_106400/,Piso en alquiler en La Barceloneta en La Barceloneta por 1.180 €/mes,"**piso en alquiler en barceloneta - ¡tu nuevo hogar a pasos de la playa! ** ¡descubre este encantador apartamento amueblado disponible a partir del 1º de julio de 2026 en la vibrante zona de barceloneta! situado a solo 150 metros de la playa, este piso es ideal para disfrutar del sol y el mar. C...",1180,ciutat vella la barceloneta 0 0/,45 m²,45 m²,2,1,Bajo,Más de 50 años,107074043-R402326,,,,,,,2026-05-25
https://www.pisos.com/alquilar/piso-nou_barris-62528385785_106700/,Piso en alquiler en Vilapicina I La Torre Llobeta en Nou Barris por 4.000 €/mes,"Nuestras tarifas inician desde 2000€, variando según la temporada y la residencia seleccionada. Para brindarte la mejor atención, por favor contáctanos y consulta disponibilidad y precio exacto para tus fechas. Bienvenido a tu próximo hogar vacacional en barcelona! este piso de tres habitaciones...",4000,nou barris 5 0/,60 m²,60 m²,3,1,,,LUXURY AND CONFORTABLE,,,,,,,2026-05-25
https://www.pisos.com/alquilar/piso-el_raval-64188975637_106400/,Piso en alquiler en El Raval en El Raval por 3.350 €/mes,Oportunidad de alquiler en el corazón de barcelona! ***alquiler de temporada *** fotos de referencia. Consumos a parte. 200€/mes. Este exclusivo piso renovado te espera a solo cinco minutos de paseo de gracia. Disfruta de un espacio sofisticado y amplio en un edificio rehabilitado con materiales...,3350,el raval 7 0/,111 m²,111 m²,3,3,4ª,Entre 10 y 20 años,97473188-Gravina8,,,,,,,2026-05-25
https://www.pisos.com/alquilar/piso-sant_gervasi_galvany-64175065053_106400/,Piso en alquiler en Sant Gervasi-Galvany en Sant Gervasi-Galvany por 1.600 €/mes,"Disponible desde el 16 de junio - alquiler temporal para uso vacacional ¡bienvenido a este acogedor apartamento situado en el tranquilo y exclusivo barrio de sant gervasi, una de las mejores zonas residenciales de barcelona! ubicado en un edificio moderno con ascensor, este apartamento destaca po...",1600,sant gervasi galvany 3 0/,45 m²,45 m²,1,1,1ª,Menos de 5 años,106769880-MC.1.1-2JUN,,,,,,,2026-05-25
https://www.pisos.com/alquilar/piso-el_raval-64191985641_106400/,Piso en alquiler en El Raval en El Raval por 3.300 €/mes,"**piso en alquiler temporal en el corazón de barcelona - eixample** ¡descubre este espectacular piso amueblado y equipado, situado en un edificio clásico del eixample, completamente renovado, este hogar ofrece un equilibrio perfecto entre modernidad y encanto histórico. Con 100 m² construidos y ...",3300,el raval 1 0/,150 m²,150 m²,3,3,2ª,Entre 10 y 20 años,98628073-Gravina 2H,,,,,,,2026-05-25
https://www.pisos.com/alquilar/atico-sant_gervasi_galvany-63426345704_106400/,Ático en alquiler en Sant Gervasi-Galvany en Sant Gervasi-Galvany por 3.000 €/mes,"Alquiler mínimo de 32 días para uso recreativo o vacacional nota: todos los alquileres deben tener una duración temporal de 32 noches a 6 meses y solo pueden ser destinados al uso vacacional, de ocio recreativo, según lo establecido en el último decreto del 26/2024. Este apartamento para ejecutiv...",3000,sant gervasi galvany 4 0/,80 m²,80 m²,2,1,2ª,Entre 20 y 30 años,100058509-Abr25-P14.2.3 1704,,,,,,,2026-05-25
https://www.pisos.com/alquilar/atico-sant_gervasi_galvany-63429390331_106400/,Ático en alquiler en Sant Gervasi-Galvany en Sant Gervasi-Galvany por 2.000 €/mes,"Vivienda que solo admite estancias de temporada para finalidad de uso recreativo, turístico o de temporada de vacaciones, mínimo 32 noches, de acuerdo con el articulo 66 bis de la ley 18/2007, del derecho a la vivienda, disponible desde el 13 de febrero 2.026 ¡bienvenidos al ático en barcelona pa...",2000,sant gervasi galvany 1 0/,75 m²,75 m²,2,1,3ª,Entre 10 y 20 años,106750317-Dic31-P18.3.3-LD,,,,,,,2026-05-25
https://www.pisos.com/alquilar/piso-sant_gervasi_galvany-63340047826_106400/,Piso en alquiler en Sant Gervasi-Galvany en Sant Gervasi-Galvany por 2.200 €/mes,"Vivienda que solo admite estancias de temporada para finalidad de uso recreativo, turístico o de temporada de vacaciones, mínimo 32 noches, de acuerdo con el articulo 66 bis de la ley 18/2007, del derecho a la vivienda, disponible 30 de abril de 2.026 bienvenido a este espacioso apartamento de 85...",2200,sant gervasi galvany 6 0/,85 m²,85 m²,2,1,3ª,Entre 10 y 20 años,106773269-Sep1-P18.3.1-LD,,,,,,,2026-05-25
https://www.pisos.com/alquilar/piso-sant_gervasi_galvany-63418529648_106400/,Piso en alquiler en Sant Gervasi-Galvany en Sant Gervasi-Galvany por 2.200 €/mes,"Vivienda que solo admite estancias de temporada para finalidad de uso recreativo, turístico o de temporada de vacaciones, mínimo 32 noches, de acuerdo con el articulo 66 bis de la ley 18/2007, del derecho a la vivienda, disponible 7 de junio de 2.026 ¡bienvenido a este apartamento con una gran te...",2200,sant gervasi galvany 8 0/,80 m²,80 m²,2,1,2ª,Menos de 5 años,107744881-Jun7 - MC.2.2-L.D,,,,,,,2026-05-25
https://www.pisos.com/alquilar/piso-el_fort_pienc-63407815690_106400/,Piso en alquiler en El Fort Pienc en El Fort Pienc por 1.550 €/mes,"Disponible desde 29 de enero de 2026 alquiler de temporada para uso vacacional, recreativo o de ocio. Este apartamento sólo está disponible para estancias temporales y no es adecuado para uso turístico o residencial permanente. Al hacer la reserva, los huéspedes deben proporcionar un motivo de vi...",1550,el fort pienc 0 0/,60 m²,60 m²,1,1,1ª,Entre 5 y 10 años,106696676-JUN - RF.LOCAL,,,,,,,2026-05-25
https://www.pisos.com/alquilar/piso-sant_gervasi_galvany-63338980760_106400/,Piso en alquiler en Sant Gervasi-Galvany en Sant Gervasi-Galvany por 3.000 €/mes,"Alquiler de temporada para uso vacacional, recreativo o de ocio. Bienvenido a este apartamento ejecutivo ubicado en el centro de barcelona, ideal para 6 personas. Este espacioso apartamento de 90 m² se encuentra en un edificio moderno con ascensor. Cuenta con tres habitaciones: una con cama doble...",3000,sant gervasi galvany 0 0/,85 m²,85 m²,3,1,7ª,,108272109-P18 2.2,,,,,,,2026-05-25
https://www.pisos.com/alquilar/piso-sant_gervasi_galvany-63409416923_106400/,Piso en alquiler en Sant Gervasi-Galvany en Sant Gervasi-Galvany por 1.800 €/mes,"Vivienda que solo admite estancias de temporada para finalidad de uso recreativo, turístico o de temporada de vacaciones, mínimo 32 noches, de acuerdo con el articulo 66 bis de la ley 18/2007, del derecho a la vivienda, disponible 30 noviembre 2.026 ¡bienvenido a este encantador apartamento con u...",1800,sant gervasi galvany 3 0/,53 m²,53 m²,1,1,2ª,,103672914-Jun2-.MC.1.1,,,,,,,2026-05-25
https://www.pisos.com/alquilar/piso-sant_gervasi_galvany-63336787966_106400/,Piso en alquiler en Sant Gervasi-Galvany en Sant Gervasi-Galvany por 1.800 €/mes,"Disponible desde el 8 de febrero de 2026 alquiler temporal - disponibilidad inmediata disponible solo para alquileres de más de 32 días con fines de ocio, vacaciones, recreativos o culturales, y siempre que se acompañen de la documentación correspondiente que acredite dicha finalidad. Piso de tem...",1800,sant gervasi galvany 6 0/,55 m²,55 m²,1,1,Bajo,,108201251-Abr21 - .MC.E.D-LD,,,,,,,2026-05-25
https://www.pisos.com/alquilar/estudio-barcelona_capital_eixample-62558004770_106700/,Estudio en alquiler en La Nova Esquerra de L'Eixample en Eixample por 3.500 €/mes,"Nuestras tarifas inician desde 2000€, variando según la temporada y la residencia seleccionada. Para brindarte la mejor atención, por favor contáctanos y consulta disponibilidad y precio exacto para tus fechas. Te presento esta encantadora casa en alquiler vacacional ubicada en una de las zonas ...",3500,estudio eixample 0 0/,28 m²,25 m²,1,1,,,EST_61,,,,,,,2026-05-25
https://www.pisos.com/alquilar/piso-barcelona_capital_eixample-62553092861_106700/,Piso en alquiler en Dreta de L'Eixample en Eixample por 3.500 €/mes,"Nuestras tarifas inician desde 2000€, variando según la temporada y la residencia seleccionada. Para brindarte la mejor atención, por favor contáctanos y consulta disponibilidad y precio exacto para tus fechas. Piso turistico es uno de nuestros mejores apartamentos turísticos en barcelona, reci...",3500,eixample 1 0/,60 m²,60 m²,1,1,,,Central Place Terrasse II,,,,,,,2026-05-25
https://www.pisos.com/alquilar/piso-ciutat_vella-62523400090_106700/,Piso en alquiler en Barri Gòtic en Ciutat Vella por 3.500 €/mes,"Nuestras tarifas inician desde 2000€, variando según la temporada y la residencia seleccionada. Para brindarte la mejor atención, por favor contáctanos y consulta disponibilidad y precio exacto para tus fechas. Piso temporal **estancia minima es de 32 noches** ven a barcelona y disfruta de un e...",3500,ciutat vella 0 0/,50 m²,50 m²,1,1,,,Cathedral Penthouse Terrace,,,,,,,2026-05-25
https://www.pisos.com/alquilar/piso-sant_marti-62557880229_106700/,Piso en alquiler en Diagonal Mar I El Front Marítim del Poblenou en Sant Martí por 4.200 €/mes,"Nuestras tarifas inician desde 2000€, variando según la temporada y la residencia seleccionada. Para brindarte la mejor atención, por favor contáctanos y consulta disponibilidad y precio exacto para tus fechas. Piso turistico el apartamento vila olimpica pool suites es un apartamento ubicado en...",4200,sant marti 9 0/,120 m²,120 m²,3,2,,,Vila Olimpica Pool,,,,,,,2026-05-25
https://www.pisos.com/alquilar/piso-barcelona_capital_eixample-62524726758_106700/,Piso en alquiler en Dreta de L'Eixample en Eixample por 4.500 €/mes,"Nuestras tarifas inician desde 2000€, variando según la temporada y la residencia seleccionada. Para brindarte la mejor atención, por favor contáctanos y consulta disponibilidad y precio exacto para tus fechas. El central place premium es uno de nuestros mejores apartamentos turísticos en barcel...",4500,eixample 8 0/,180 m²,180 m²,4,2,,,Central Place Premium,,,,,,,2026-05-25
https://www.pisos.com/alquilar/piso-barcelona_capital_eixample-62564369149_106700/,Piso en alquiler en Sagrada Família en Eixample por 3.700 €/mes,"Nuestras tarifas inician desde 2000€, variando según la temporada y la residencia seleccionada. Para brindarte la mejor atención, por favor contáctanos y consulta disponibilidad y precio exacto para tus fechas. Piso temporal carla penthouse terrace, relájate y disfruta en este tranquilo y elegan...",3700,eixample 9 0/,55 m²,55 m²,2,1,,,Carla Penthouse Terrace,,,,,,,2026-05-25
https://www.pisos.com/alquilar/piso-la_dreta_de_eixample-64239439207_106400/,Piso en alquiler en La Dreta de L'Eixample en La Dreta de l'Eixample por 1.515 €/mes,"A 1 minuto de plaza cataluña y la rambla, un poco más arriba del liceo y la boquería como puntos de referencia, encontramos este fantástico piso, en una zona inmejorable y muy bien comunicada, en el centro histórico. Se trata de un inmueble reformado con todo lujo de detalle, restaurado de forma ...",1515,la dreta de eixample 7 0/,75 m²,75 m²,1,1,1ª,,106029867-000643,,,,,,,2026-05-25
https://www.pisos.com/alquilar/piso-ciutat_vella-64244434712_106400/,Piso en alquiler en Ciutat Vella en Ciutat Vella por 2.800 €/mes,"Descubra este elegante apartamento, estratégicamente situado en la prestigiosa gran via de les corts catalanes, esquina con la calle balmes, a solo un paso de plaza universitat y del vibrante centro de la ciudad. Una propiedad ideal para quienes buscan calidad de vida, confort y una excelente com...",2800,ciutat vella 2 0/,158 m²,158 m²,2,2,4ª,Más de 50 años,110083336-110083336,,,,,,,2026-05-25
https://www.pisos.com/alquilar/piso-sant_gervasi_galvany-64195415157_106400/,Piso en alquiler en Sant Gervasi-Galvany en Sant Gervasi-Galvany por 1.850 €/mes,"Estudio disponible desde hoy - solo uso vacacional - no se permite empadronamiento ¡disponible desde hoy! alquiler temporal bienvenido a este encantador estudio con una amplia terraza privada en sant gervasi. Con aproximadamente 65 m² y un diseño moderno y acogedor, este apartamento es ideal para...",1850,sant gervasi galvany 7 0/,55 m²,55 m²,1,1,2ª,Menos de 5 años,104075977-May-MC.1.2,,,,,,,2026-05-25
https://www.pisos.com/alquilar/piso-sant_gervasi_galvany-64181408753_106400/,Piso en alquiler en Sant Gervasi-Galvany en Sant Gervasi-Galvany por 1.600 €/mes,"Alquiler temporal (más de 32 días, máximo 11 meses) - disponible ahora ¡bienvenido a este moderno apartamento en sant gervasi con terraza y jardín privado! con una superficie de 65 m², este loft de estilo industrial se encuentra en un edificio con ascensor. Sus grandes ventanales permiten la entr...",1600,sant gervasi galvany 3 0/,65 m²,65 m²,2,1,1ª,Menos de 5 años,107744814-M.C.B..16May,,,,,,,2026-05-25
https://www.pisos.com/alquilar/piso-sant_gervasi_galvany-63431185688_106400/,Piso en alquiler en Sant Gervasi-Galvany en Sant Gervasi-Galvany por 3.000 €/mes,"Alquiler de temporada para uso vacacional, recreativo o de ocio. Descubra este moderno apartamento de 90 m², ideal para una estancia cómoda en el corazón de barcelona. Ubicado en un edificio con ascensor, está perfectamente situado a pocos pasos de la estación de metro muntaner, lo que facilita s...",3000,sant gervasi galvany 8 0/,85 m²,85 m²,3,1,1ª,Entre 10 y 20 años,106748419-P18.1.3,,,,,,,2026-05-25
https://www.pisos.com/alquilar/piso-la_dreta_de_eixample-63358227822_106400/,Piso en alquiler en La Dreta de L'Eixample en La Dreta de l'Eixample por 15.200 €/mes,"La calidez catalana se une al encanto escandinavo en este apartamento totalmente amueblado en el eixample derecho. Este elegante apartamento se encuentra en la segunda planta (tercera real) y cuenta con dos acogedores dormitorios, dos modernos baños y balcones privados. Desde el pasillo se accede...",15200,la dreta de eixample 2 0/,170 m²,170 m²,2,2,2ª,Más de 50 años,111093239-111093239,,,,,,,2026-05-25
https://www.pisos.com/alquilar/piso-sant_gervasi_galvany-64222530335_106400/,Piso en alquiler en Sant Gervasi-Galvany en Sant Gervasi-Galvany por 2.200 €/mes,"Disponible desde enero 2026 alquiler temporal - disponibilidad inmediata disponible solo para alquileres de más de 32 días con fines de ocio, vacaciones, recreativos o culturales, y siempre que se acompañen de la documentación correspondiente que acredite dicha finalidad. ¡bienvenido a este encan...",2200,sant gervasi galvany 5 0/,55 m²,55 m²,1,1,2ª,,110057792-May - MC .1 2,,,,,,,2026-05-25
https://www.pisos.com/alquilar/piso-sant_pere_santa_caterina_la_ribera08003-63364935525_106400/,Piso en alquiler en Sant Pere-Santa Caterina-La Ribera en Sant Pere-Santa Caterina-La Ribera por 2.960 €/mes,"Disponible a partir de noviembre de 2026 encanto moderno en el corazón de el born la historia: 'si no fuera porque nuestra hijas vive tan lejos de la familia, nunca pensaríamos en aquilar o vender este apartamento. Pasará mucho tiempo antes de que podamos llamar a otro lugar hogar, porque amamos ...",2960,sant pere santa caterina la ribera 5 0/,140 m²,140 m²,3,3,1ª,,109405502-109405502,,,,,,,2026-05-25
https://www.pisos.com/alquilar/piso-sant_gervasi_galvany08021-63387018500_106400/,Piso en alquiler en Sant Gervasi-Galvany en Sant Gervasi-Galvany por 4.000 €/mes,"**piso en alquiler en la milla de oro - avenida diagonal** ¡descubre este espectacular piso reformado en la codiciada milla de oro! ubicado en plena avenida diagonal, este luminoso hogar de 220 m² te ofrece un estilo de vida inigualable. Situado en una sexta planta, disfrutarás de vistas despejad...",4000,sant gervasi galvany 0 0/,220 m²,220 m²,5,3,6ª,,111274272-111274272,,,,,,,2026-05-25
https://www.pisos.com/alquilar/piso-sarria_sant_gervasi_sarria08034-63402772290_106400/,Piso en alquiler en Sarrià en Sarrià por 5.800 €/mes,"Fantástico piso reformado con materiales de primera calidad, totalmente amueblado en zona exclusiva de pedralbes. Dispone de 182mts mas una sala diáfana de 80mts la en la planta baja de uso privativo con baño que puede ser usada como estudio, despacho. El piso se distribuye en un amplio salón com...",5800,sarria sant gervasi sarria 0 0/,262 m²,262 m²,4,3,5ª,,111273853-111273853,,,,,,,2026-05-25
https://www.pisos.com/alquilar/piso-sant_gervasi_galvany08021-63406646798_106400/,Piso en alquiler en Sant Gervasi-Galvany en Sant Gervasi-Galvany por 3.700 €/mes,"Piso espectacular en alquiler en pleno turo park, luminoso piso de 210 m² que se encuentra en una planta alta, ofreciendo una luminosidad excepcional y vistas panorámicas de toda barcelona. Situado en el exclusivo barrio de turo park, este inmueble cuenta con 4 habitaciones amplias, incluyendo un...",3700,sant gervasi galvany 8 0/,210 m²,210 m²,5,3,4ª,,111226234-111226234,,,,,,,2026-05-25
https://www.pisos.com/alquilar/piso-sant_gervasi_galvany-63421152175_106400/,Piso en alquiler en Sant Gervasi-Galvany en Sant Gervasi-Galvany por 1.600 €/mes,"Para estancias temporales por motivo vacacional u ocio alquiler temporal (más de 32 días) ¡bienvenido a este encantador apartamento con zona de terraza y jardín compartidos, ubicado muy cerca de la clínica barraquer y de la avenida diagonal! con aproximadamente 55 m², este acogedor apartamento d...",1600,sant gervasi galvany 5 0/,55 m²,55 m²,1,1,Bajo,,105727604-May7 -MC.E.C,,,,,,,2026-05-25
https://www.pisos.com/alquilar/piso-sant_gervasi_galvany-63426742623_106400/,Piso en alquiler en Sant Gervasi-Galvany en Sant Gervasi-Galvany por 3.500 €/mes,"El apartamento tiene aproximadamente 80 m² y se encuentra en un edificio con ascensor y cuenta con parking privado (150€ adicionales por mes). Transporte cercano al apartamento: metro: metro muntaner. Este apartamento en barcelona dispone de un salón comedor con salida a una bonita terraza, muy...",3500,sant gervasi galvany 3 0/,80 m²,80 m²,3,1,1ª,,30009804-PDM 18. 2.1.,,,,,,,2026-05-25
https://www.pisos.com/alquilar/piso-la_vila_de_gracia08012-63344299581_106400/,Piso en alquiler en La Vila de Gràcia en La Vila de Gràcia por 4.000 €/mes,"Vivienda que solo admite estancias de temporada para finalidad de uso recreativo, turístico o de temporada de vacaciones, mínimo 32 noches, de acuerdo con el articulo 66 bis de la ley 18/2007, del derecho a la vivienda, ¡os damos la bienvenida al apartamento triplex en gràcia con piscina y terraz...",4000,la vila de gracia 1 0/,85 m²,85 m²,2,1,1ª,,105895409-2024.RYC.1.3,,,,,,,2026-05-25
https://www.pisos.com/alquilar/piso-sant_gervasi_la_bonanova08022-63356613751_106400/,Piso en alquiler en Sant Gervasi-La Bonanova en Sant Gervasi-La Bonanova por 4.490 €/mes,"¡descubre el hogar de tus sueños en este espectacular piso en alquiler! situado en una excelente ubicación a solo unos pasos de la plaza kennedy, este amplio y luminoso apartamento de 172 m² ha sido totalmente reformado para ofrecerte el máximo confort. Con un recibidor acogedor que te da la bien...",4490,sant gervasi la bonanova 1 0/,172 m²,172 m²,3,4,6ª,,110810841-110810841,,,,,,,2026-05-25
https://www.pisos.com/alquilar/piso-sarria_sant_gervasi_sarria08034-63396098882_106400/,Piso en alquiler en Sarrià en Sarrià por 5.800 €/mes,"Fantástico piso reformado con materiales de primera calidad, totalmente amueblado en zona exclusiva de pedralbes. Dispone de 182mts mas una sala diáfana de 80mts la en la planta baja de uso privativo con baño que puede ser usada como estudio, despacho. El piso se distribuye en un amplio salón com...",5800,sarria sant gervasi sarria 2 0/,262 m²,262 m²,4,3,5ª,,110808699-110808699,,,,,,,2026-05-25
https://www.pisos.com/alquilar/chalet-sarria_sant_gervasi_sarria-63393507913_106400/,Chalet en alquiler en Sarrià en Sarrià por 14.000 €/mes,Increíbles viviendas en el exclusivo barrio de sarrià que se alzan en la ladera hasta casi tocar el cielo. A solo unos minutos del centro de la ciudad. Un estilo impecable en la más absoluta intimidad. Las casas se integran perfectamente en su paisaje mediterráneo. La circunvalación b-20 (la rond...,14000,sarria sant gervasi sarria 3 0/,550 m²,550 m²,6,4,,Entre 5 y 10 años,96437704-Sauc,,,,,,,2026-05-25
https://www.pisos.com/alquilar/piso-sant_pere_santa_caterina_la_ribera08010-63433102844_106400/,Piso en alquiler en Sant Pere-Santa Caterina-La Ribera en Sant Pere-Santa Caterina-La Ribera por 7.500 €/mes,"Loft único en la frontera de el born y eixample escondido en un encantador callejón donde el carácter de el born se encuentra con la elegancia del eixample, este espectacular loft de 300 m² es una oportunidad única para vivir en una de las zonas más vibrantes de barcelona. Desde la entrada, se ac...",7500,sant pere santa caterina la ribera 4 0/,300 m²,300 m²,2,2,4ª,,111100975-111100975,,,,,,,2026-05-25
https://www.pisos.com/alquilar/piso-sant_gervasi_galvany-63391879936_106400/,Piso en alquiler en Sant Gervasi-Galvany en Sant Gervasi-Galvany por 2.000 €/mes,"Vivienda que solo admite estancias de temporada para finalidad de uso recreativo, turístico o de temporada de vacaciones, mínimo 32 noches, de acuerdo con el articulo 66 bis de la ley 18/2007, del derecho a la vivienda, disponible desde el 16 de junio de 2.026 ¡bienvenidos a nuestro apartamento c...",2000,sant gervasi galvany 6 0/,65 m²,65 m²,1,1,1ª,,106769634-Jun16MC.1.2-LD,,,,,,,2026-05-25
https://www.pisos.com/alquilar/piso-sant_gervasi_galvany-63392794926_106400/,Piso en alquiler en Sant Gervasi-Galvany en Sant Gervasi-Galvany por 3.000 €/mes,"Alquiler de temporada para uso vacacional, recreativo o de ocio. Este moderno apartamento de 85 m², ubicado en un edificio con ascensor, se encuentra a pocos pasos de la estación de metro muntaner, lo que permite un acceso rápido al transporte público y a las principales atracciones de la ciudad....",3000,sant gervasi galvany 6 0/,85 m²,85 m²,3,1,2ª,,106748575-P18.2.1,,,,,,,2026-05-25
https://www.pisos.com/alquilar/piso-la_nova_esquerra_de_eixample-63339012013_106400/,Piso en alquiler en La Nova Esquerra de L'Eixample en La Nova Esquerra de l'Eixample por 2.600 €/mes,"Vivienda que solo admite estancias de temporada para finalidad de uso recreativo, turístico o de temporada de vacaciones, mínimo 32 noches, de acuerdo con el articulo 66 bis de la ley 18/2007, del derecho a la vivienda, disponible 8 marzo 2.026 ¡descubre tu nuevo hogar en el corazón de barcelona!...",2600,la nova esquerra de eixample 3 0/,120 m²,120 m²,3,2,3ª,,106946423-Jul23 - MALLORCA,,,,,,,2026-05-25
https://www.pisos.com/alquilar/piso-sant_gervasi_galvany-63390048315_106400/,Piso en alquiler en Sant Gervasi-Galvany en Sant Gervasi-Galvany por 3.000 €/mes,"Disponible solo para alquileres de más de 32 días con fines de ocio, vacaciones, recreativos o culturales, y siempre que se acompañen de la documentación correspondiente que acredite dicha finalidad. El apartamento está ubicado en un edificio con ascensor, lo que ofrece un acceso fácil y cómodo. ...",3000,sant gervasi galvany 5 0/,85 m²,85 m²,3,1,1ª,,106743920-P18.1.2,,,,,,,2026-05-25
https://www.pisos.com/alquilar/atico-el_barri_gotic-63414908203_106400/,Ático en alquiler en El Barri Gòtic en El Barri Gòtic por 4.400 €/mes,"Disponible hasta octubre de 2026. Ubicado en la sexta planta de un edificio histórico con ascensor, este ático con una terraza privada de 80 m² es una oportunidad única en pleno centro de la ciudad. A pocos pasos de via laietana y junto a un hotel de cinco estrellas, disfruta de una ubicación pri...",4400,el barri gotic 3 0/,132 m²,132 m²,1,1,6ª,,111086826-111086826,,,,,,,2026-05-25
https://www.pisos.com/alquilar/piso-barcelona_capital_eixample-62524271322_106700/,Piso en alquiler en La Nova Esquerra de L'Eixample en Eixample por 3.600 €/mes,"Nuestras tarifas inician desde 2000€, variando según la temporada y la residencia seleccionada. Para brindarte la mejor atención, por favor contáctanos y consulta disponibilidad y precio exacto para tus fechas. Piso temporal de 1 a 11 meses te presento esta encantadora casa en alquiler vacaciona...",3600,eixample 2 0/,55 m²,55 m²,1,2,,,Calle Aragon ESTUDIO.A,,,,,,,2026-05-25
https://www.pisos.com/alquilar/piso-sant_gervasi_galvany-64178929531_106400/,Piso en alquiler en Sant Gervasi-Galvany en Sant Gervasi-Galvany por 2.000 €/mes,"¡bienvenido a este apartamento con terraza/jardín común en sant gervasi, un barrio tranquilo y bien situado en barcelona! con una superficie de aproximadamente 55 m², el apartamento se encuentra en un edificio con ascensor, lo que ofrece fácil acceso y comodidad. Gracias a sus grandes ventanales,...",2000,sant gervasi galvany 1 0/,55 m²,55 m²,1,1,,,106770938-MC.A-23MAY,,,,,,,2026-05-25
https://www.pisos.com/alquilar/apartamento-les_corts_barrio-63401721906_106700/,Apartamento en alquiler en Les Corts en Les Corts por 4.000 €/mes,"Nuestras tarifas inician desde 2000€, variando según la temporada y la residencia seleccionada. Para brindarte la mejor atención, por favor contáctanos y consulta disponibilidad y precio exacto para tus fechas. Disfruta de la comodidad y amplitud de este luminoso apartamento de 3 dormitorios, di...",4000,les corts barrio 6 0/,100 m²,100 m²,3,2,,,Remei 2,,,,,,,2026-05-25
https://www.pisos.com/alquilar/casa-sant_andreu_barrio-63352182102_106700/,Casa en alquiler en Sant Andreu en Sant Andreu por 8.400 €/mes,"Nuestras tarifas inician desde 2000€, variando según la temporada y la residencia seleccionada. Para brindarte la mejor atención, por favor contáctanos y consulta disponibilidad y precio exacto para tus fechas. Exclusiva villa de lujo de 5 plantas en barcelona con salón club privado, piscina, sa...",8400,sant andreu barrio 2 0/,300 m²,300 m²,4,4,,,VILLA DE LUJO Y CLUB,,,,,,,2026-05-25
https://www.pisos.com/alquilar/piso-ciutat_vella-62598703588_106700/,Piso en alquiler en La Barceloneta en Ciutat Vella por 3.500 €/mes,"Nuestras tarifas inician desde 2000€, variando según la temporada y la residencia seleccionada. Para brindarte la mejor atención, por favor contáctanos y consulta disponibilidad y precio exacto para tus fechas. Piso temporal gabi.. . ( de uno a once meses) piso en barceloneta este alojamiento ú...",3500,ciutat vella 8 0/,40 m²,40 m²,1,1,,,GABI,,,,,,,2026-05-25
https://www.pisos.com/alquilar/piso-ciutat_vella-62501891691_106700/,Piso en alquiler en La Barceloneta en Ciutat Vella por 3.500 €/mes,"Nuestras tarifas inician desde 2000€, variando según la temporada y la residencia seleccionada. Para brindarte la mejor atención, por favor contáctanos y consulta disponibilidad y precio exacto para tus fechas. Piso temporal barceloneta beach appartement desconecta de la rutina en este alojamien...",3500,ciutat vella 1 0/,45 m²,45 m²,1,1,,,Barceloneta Beach,,,,,,,2026-05-25
https://www.pisos.com/alquilar/piso-barcelona_capital_eixample-62559605130_106700/,Piso en alquiler en Dreta de L'Eixample en Eixample por 3.500 €/mes,"Nuestras tarifas inician desde 2000€, variando según la temporada y la residencia seleccionada. Para brindarte la mejor atención, por favor contáctanos y consulta disponibilidad y precio exacto para tus fechas. Apartamento en alquiler con una habitación, un baño, sala y cocina. Espacios funciona...",3500,eixample 0 0/,50 m²,50 m²,1,1,,,Corsega 1,,,,,,,2026-05-25
https://www.pisos.com/alquilar/piso-barcelona_capital_eixample-64222971201_106400/,Piso en alquiler en Eixample en Eixample por 1.605 €/mes,Para más información y/o concertar visita contactar con miquel 645813648 (whatsapp y telf). Mc consulting alquila piso de 4 habitaciones con espectaculares vistas de la sagrada família en primer plano en modalidad de alquiler de temporada. Vistas y orientación: séptima planta real con orientación...,1605,eixample 1 0/,91 m²,91 m²,3,1,6ª,Más de 50 años,111211038-L104-25,,,,,,,2026-05-25
https://www.pisos.com/alquilar/piso-sant_gervasi_la_bonanova08022-64197940124_106400/,Piso en alquiler en Sant Gervasi-La Bonanova en Sant Gervasi-La Bonanova por 4.026 €/mes,"Fantástico piso con mucha luz y bien comunicado con el transporte publico. Finca con conserje. 5 habitaciones (4 dobles + 1 servicio) 3 baños + 1 servicio armarios empotrados en todas las habitaciones, parket en todo el piso. 2 plazas de parking. 1 trastero. Contrato 7 años propietari gran t...",4026,sant gervasi la bonanova 4 0/,228 m²,228 m²,5,3,3ª,Más de 50 años,30048781-bonanova,,,,,,,2026-05-25
https://www.pisos.com/alquilar/piso-sant_gervasi_galvany-63411551287_106400/,Piso en alquiler en Sant Gervasi-Galvany en Sant Gervasi-Galvany por 2.200 €/mes,"Vivienda que solo admite estancias de temporada para finalidad de uso recreativo, turístico o de temporada de vacaciones, mínimo 32 noches, de acuerdo con el articulo 66 bis de la ley 18/2007, del derecho a la vivienda, bienvenido a nuestro apartamento en sarrià - pedralbes, ideal para 4 personas...",2200,sant gervasi galvany 7 0/,65 m²,65 m²,2,1,1ª,Entre 10 y 20 años,106742127-P14.1.4,,,,,,,2026-05-25
https://www.pisos.com/alquilar/piso-la_dreta_de_eixample-64174486367_106400/,Piso en alquiler en La Dreta de L'Eixample en La Dreta de l'Eixample por 1.790 €/mes,"Piso en alquiler larga duración al lado de urquinaona. Puntos a tener en cuenta: - piso disponible para entrar en mayo de 2026 - piso sin muebles ni electrodomésticos. (solo placa para cocinar, campana y horno)— no aacc ni calefacción - precio: 1993€ mensual - 1 mes de fianza + 2 de garantía adic...",1790,la dreta de eixample 7 0/,125 m²,125 m²,2,2,1ª,,111390230-ID-7676,,,,,,,2026-05-25
https://www.pisos.com/alquilar/atico-sant_gervasi_galvany-64173165161_106400/,Ático en alquiler en Sant Gervasi-Galvany en Sant Gervasi-Galvany por 2.999 €/mes,"***piso de temporada*** estancia ocio/vacacional exclusivo ático con mucha luz y sin ruidos en una de las zonas más prestigiosas de la ciudad. Honorarios a cargo de inquilino. Vm3 fincas, les presenta esta céntrica, silenciosa y cómoda vivienda en el famoso barrio de san gervasio. Acabados de pri...",2999,sant gervasi galvany 1 0/,71 m²,71 m²,1,1,6ª,,101884755-B362,,,,,,,2026-05-25
https://www.pisos.com/alquilar/piso-sarria_sant_gervasi_sarria-63369722399_106400/,Piso en alquiler en Sarrià en Sarrià por 7.100 €/mes,"Alquiler amueblado - dúplex con jardín privado de 45 m² en pedralbes este dúplex amueblado se encuentra en una de las zonas residenciales más consolidadas de pedralbes, muy cerca de los principales colegios internacionales de barcelona. Con 273 m² construidos (213 m² útiles) y un jardín privado d...",7100,sarria sant gervasi sarria 9 0/,273 m²,273 m²,3,3,,Entre 10 y 20 años,111118971-111118971,,,,,,,2026-05-25
https://www.pisos.com/alquilar/piso-el_fort_pienc-63393525289_106400/,Piso en alquiler en El Fort Pienc en El Fort Pienc por 1.500 €/mes,"Disponible desde enero 2.026 disponible solo para alquileres de más de 32 días con fines de ocio, vacaciones, recreativos o culturales, y siempre que se acompañen de la documentación correspondiente que acredite dicha finalidad. Este apartamento sólo está disponible para estancias temporales y no...",1500,el fort pienc 9 0/,40 m²,40 m²,1,1,,Entre 10 y 20 años,109332651-3Jul - RF 1-2,,,,,,,2026-05-25
https://www.pisos.com/alquilar/piso-sant_gervasi_galvany-63364821442_106400/,Piso en alquiler en Sant Gervasi-Galvany en Sant Gervasi-Galvany por 2.500 €/mes,"Vivienda que solo admite estancias de temporada para finalidad de uso recreativo, turístico o de temporada de vacaciones, mínimo 32 noches, de acuerdo con el articulo 66 bis de la ley 18/2007, del derecho a la vivienda, el apartamento tiene aproximadamente 70 m² y se encuentra en un edificio con ...",2500,sant gervasi galvany 2 0/,70 m²,70 m²,2,1,1ª,Entre 20 y 30 años,30009704-ENE-PDM14 1º1º,,,,,,,2026-05-25
https://www.pisos.com/alquilar/chalet-la_clota-63341024020_106400/,Chalet en alquiler en La Clota en La Clota por 7.140 €/mes,"¡descubre esta exclusiva villa en uno de los barrios más encantadores de barcelona! con orígenes que se remontan al siglo xiii, esta magnífica propiedad de 348 m² ha sido completamente reformada, conservando su fachada clásica de 1923. Imagina disfrutar de un jardín de rosas en la terraza mientra...",7140,la clota 0 0/,400 m²,400 m²,8,4,,,109491805-P34,,,,,,,2026-05-25
https://www.pisos.com/alquilar/piso-les_corts_barrio-62520851100_106700/,Piso en alquiler en Les Corts en Les Corts por 3.700 €/mes,"Nuestras tarifas inician desde 2000€, variando según la temporada y la residencia seleccionada. Para brindarte la mejor atención, por favor contáctanos y consulta disponibilidad y precio exacto para tus fechas. Piso temporal este ático mide 55m2 recien reformado y a estrenar y es perfecto para 3...",3700,les corts barrio 0 0/,60 m²,60 m²,2,1,,,Andrea Penthouse Terrace,,,,,,,2026-05-25
https://www.pisos.com/alquilar/chalet-pedralbes-63419366027_106400/,Chalet en alquiler en Pedralbes en Pedralbes por 16.000 €/mes,"Magnifico chalet en una de las zonas más exclusivas barcelona, situado en pedralbes encontramos esta joya de 985m2 de parcela y 511m2 construidos con una fantástica zona ajardinada muy cuidad con piscina, zona de barbacoa y diferentes espacios chill out para disfrutar con la familia. Al entrar po...",16000,pedralbes 7 0/,511 m²,511 m²,5,4,,Más de 50 años,104531023-00393,,,,,,,2026-05-25
https://www.pisos.com/alquilar/piso-sant_andreu-62540327050_106700/,Piso en alquiler en Sant Andreu en Sant Andreu por 3.500 €/mes,"Nuestras tarifas inician desde 2000€, variando según la temporada y la residencia seleccionada. Para brindarte la mejor atención, por favor contáctanos y consulta disponibilidad y precio exacto para tus fechas. Disfruta con tu pareja de este coqueto e intimo apartamento con detalles para una vel...",3500,sant andreu 0 0/,50 m²,50 m²,1,1,,,PIS_29,,,,,,,2026-05-25
https://www.pisos.com/alquilar/piso-el_raval-64197213544_106400/,Piso en alquiler en El Raval en El Raval por 1.600 €/mes,"Sg09025 - st alquiler vacacional temporal moderno piso recién reformado con vistas despejadas a la rambla. Vive en el corazón de barcelona, en una de sus calles más icónicas, la rambla. Piso completamente reformado que combina el encanto del casco histórico con el confort y estilo de un hogar mod...",1600,el raval 4 0/,55 m²,55 m²,2,1,1ª,Más de 50 años,110084854-89645,,,,,,,2026-05-25
https://www.pisos.com/alquilar/piso-la_vila_de_gracia08024-64175327255_106400/,Piso en alquiler en La Vila de Gràcia en La Vila de Gràcia por 1.790 €/mes,"Carolina balista- serveis immobiliaris presenta un local reformado ideal para autónomos en el distrito de gràcia se alquila inmueble de 170 m² con posibilidad de uso como local más vivienda. Totalmente reformado, listo para entrar, destaca por su diseño moderno y funcional. Dispone de doble ingre...",1790,la vila de gracia 5 0/,188 m²,188 m²,1,2,,,111171581-BCNA023,,,,,,,2026-05-25
https://www.pisos.com/alquilar/piso-barcelona_capital_eixample-62535790831_106700/,Piso en alquiler en Dreta de L'Eixample en Eixample por 3.700 €/mes,"Nuestras tarifas inician desde 2000€, variando según la temporada y la residencia seleccionada. Para brindarte la mejor atención, por favor contáctanos y consulta disponibilidad y precio exacto para tus fechas. Piso turistico ( de uno a once meses)descubre este encantador piso en alquiler en ba...",3700,eixample 1 0/,100 m²,100 m²,2,1,,,THE CLARIS SUITES,,,,,,,2026-05-25
https://www.pisos.com/alquilar/piso-barcelona_capital_eixample-62537538263_106700/,Piso en alquiler en Dreta de L'Eixample en Eixample por 4.200 €/mes,"Nuestras tarifas inician desde 2000€, variando según la temporada y la residencia seleccionada. Para brindarte la mejor atención, por favor contáctanos y consulta disponibilidad y precio exacto para tus fechas. Piso turistico ( alessandra rambla central) (de uno a seis meses) te presentamos est...",4200,eixample 3 0/,130 m²,130 m²,3,2,,,ALESSANDRA RAMBLAS,,,,,,,2026-05-25
https://www.pisos.com/alquilar/piso-barcelona_capital_eixample-62559266223_106700/,Piso en alquiler en Dreta de L'Eixample en Eixample por 3.800 €/mes,"Nuestras tarifas inician desde 2000€, variando según la temporada y la residencia seleccionada. Para brindarte la mejor atención, por favor contáctanos y consulta disponibilidad y precio exacto para tus fechas. Piso turistico este encantador piso en alquiler temporal en barcelona es la oportuni...",3800,eixample 3 0/,91 m²,91 m²,2,2,,,THE CENTRAL PLACE V.s,,,,,,,2026-05-25
